epoch,val_acc,epoch_sec
1,0.8540772532188842,55.79437520000283
2,0.9098712446351931,57.12895019999996
3,0.9070100143061517,56.43780329999936
4,0.9384835479256081,52.68737440000041
5,0.9356223175965666,54.53243900000234
6,0.9241773962804005,57.32471219999934
7,0.9356223175965666,54.99434939999992
8,0.9370529327610873,54.75702319999982
9,0.9456366237482118,57.40038890000142
10,0.949928469241774,56.20768559999851
11,0.9456366237482118,55.63446109999859
12,0.944206008583691,55.77053770000202
13,0.9470672389127325,56.938731900001585
14,0.9456366237482118,55.5676440999996
15,0.9399141630901288,56.05651139999827
